id,first_name,last_name,email,gender,ip_address,age
1,Thorsten,Lafflin,tlafflin0@examiner.com,Male,152.124.232.200,95
2,Florette,Ayliffe,fayliffe1@dailymail.co.uk,Female,40.50.155.95,94
3,Flor,Croxon,fcroxon2@smh.com.au,Female,131.33.5.201,70
4,Brnaby,Stut,bstut3@twitter.com,Male,23.194.42.152,39
5,Jeremy,Southway,jsouthway4@cafepress.com,Male,209.122.218.92,70
6,Gordan,Hew,ghew5@nyu.edu,Male,80.197.155.24,32
7,Olvan,Goretti,ogoretti6@w3.org,Male,53.193.130.103,76
8,Mitch,Beseke,mbeseke7@amazon.co.jp,Male,139.25.15.237,94
9,Brendan,Scaysbrook,bscaysbrook8@amazon.co.uk,Male,131.60.171.188,50
10,Frederic,Staddom,fstaddom9@unesco.org,Male,179.145.172.24,47
11,Collete,Clair,cclaira@miibeian.gov.cn,Female,196.212.68.11,22
12,Christoforo,Boutell,cboutellb@jugem.jp,Male,206.97.239.138,24
13,Abbe,Parrin,aparrinc@umich.edu,Male,40.28.155.237,20
14,Lew,Finnan,lfinnand@tiny.cc,Male,235.15.241.117,6
15,Meryl,Besant,mbesante@imgur.com,Male,190.103.253.131,49
16,Humphrey,Dobinson,hdobinsonf@cocolog-nifty.com,Male,47.140.220.237,73
17,Carree,Janca,cjancag@netscape.com,Female,217.70.80.164,51
18,Diandra,Philips,dphilipsh@time.com,Female,142.176.136.69,20
19,Mord,Aubri,maubrii@plala.or.jp,Male,103.148.39.23,50
20,Ilse,St. Queintain,istqueintainj@yale.edu,Female,208.40.252.7,51
21,Francene,Roget,frogetk@blogger.com,Female,192.170.141.103,87
22,Sharyl,Seely,sseelyl@wunderground.com,Female,232.152.6.85,83
23,Shani,Penketh,spenkethm@mit.edu,Female,84.73.43.204,56
24,Lucila,Gandar,lgandarn@exblog.jp,Female,101.95.18.220,61
25,Myrah,Tivolier,mtivoliero@fc2.com,Female,108.150.112.135,13
26,Hamnet,Morrill,hmorrillp@unc.edu,Male,211.152.20.232,49
27,Kellen,Emlen,kemlenq@livejournal.com,Male,49.214.37.31,75
28,Wald,De Angelis,wdeangelisr@baidu.com,Male,60.225.238.255,52
29,Gisela,Scrivener,gscriveners@exblog.jp,Female,123.3.147.142,64
30,Corey,Stickells,cstickellst@ucsd.edu,Male,32.246.190.202,4
31,Hollis,Drissell,hdrissellu@zdnet.com,Male,39.77.234.80,66
32,Gifford,Knoton,gknotonv@icio.us,Male,253.155.22.35,42
33,Gilburt,Abby,gabbyw@bbb.org,Male,5.188.162.92,28
34,Kristos,Gettins,kgettinsx@bloglovin.com,Male,186.239.88.104,38
35,Eugene,Sneddon,esneddony@hp.com,Male,176.93.71.174,97
36,Liana,Spratley,lspratleyz@php.net,Female,53.231.101.64,32
37,Ado,Hardesty,ahardesty10@state.tx.us,Male,213.45.226.66,4
38,Filberto,Cunney,fcunney11@marketwatch.com,Male,140.69.15.192,78
39,Lenore,Dangl,ldangl12@deliciousdays.com,Female,24.166.78.204,96
40,Winston,Coates,wcoates13@naver.com,Male,230.230.0.156,77
41,Fey,Reace,freace14@devhub.com,Female,191.213.201.198,97
42,Nealson,Roy,nroy15@goo.gl,Male,201.11.153.79,95
43,Torry,Grain,tgrain16@mac.com,Male,82.24.213.254,34
44,Leonidas,Schruyer,lschruyer17@disqus.com,Male,20.239.184.135,6
45,Drud,McCoy,dmccoy18@gov.uk,Male,43.32.198.47,72
46,Tessy,Petto,tpetto19@simplemachines.org,Female,190.122.222.140,68
47,Kelsy,Pandie,kpandie1a@sogou.com,Female,153.240.153.128,75
48,Penrod,Fippe,pfippe1b@people.com.cn,Male,88.215.63.70,90
49,Pepillo,Prugel,pprugel1c@umich.edu,Male,160.164.222.71,38
50,Aleksandr,Henriquet,ahenriquet1d@si.edu,Male,178.202.232.143,62
51,Simon,Mansel,smansel1e@gizmodo.com,Male,87.23.117.28,45
52,Chicky,Pyle,cpyle1f@wiley.com,Female,111.201.127.240,82
53,Remington,Shade,rshade1g@usgs.gov,Male,68.173.73.26,37
54,Burk,Eisak,beisak1h@wiley.com,Male,94.87.35.210,52
55,Chauncey,Andriveau,candriveau1i@cafepress.com,Male,98.14.36.213,83
56,Tully,Keats,tkeats1j@sitemeter.com,Male,91.27.208.228,2
57,Jud,Allin,jallin1k@columbia.edu,Male,78.248.63.141,37
58,Barb,Di Maggio,bdimaggio1l@discuz.net,Female,255.174.31.146,39
59,Jaclyn,Ebsworth,jebsworth1m@elegantthemes.com,Female,57.29.77.134,64
60,Sibyl,Leven,sleven1n@shop-pro.jp,Male,126.89.142.160,62
61,Julius,Snellman,jsnellman1o@senate.gov,Male,247.15.174.186,44
62,Penelopa,Croisier,pcroisier1p@scribd.com,Female,162.172.12.2,5
63,Rab,Minchin,rminchin1q@auda.org.au,Male,4.233.249.242,44
64,Antonin,Armes,aarmes1r@i2i.jp,Male,92.214.235.226,24
65,Kennan,Kitchenman,kkitchenman1s@list-manage.com,Male,34.0.195.201,35
66,Artus,Packman,apackman1t@boston.com,Male,121.12.83.120,11
67,Benedicto,Reynoldson,breynoldson1u@usa.gov,Male,97.67.175.253,9
68,Charmine,Towndrow,ctowndrow1v@vinaora.com,Female,212.62.144.104,96
69,Flinn,Sollom,fsollom1w@ning.com,Male,116.214.119.186,43
70,Kaylee,Chadwin,kchadwin1x@yale.edu,Female,254.245.33.169,47
71,Juan,Elphinstone,jelphinstone1y@ebay.co.uk,Male,152.234.36.120,17
72,Dore,Boom,dboom1z@apple.com,Male,63.101.69.74,67
73,Ximenes,Dawks,xdawks20@webs.com,Male,142.155.59.22,39
74,Micheline,Amiss,mamiss21@toplist.cz,Female,225.10.33.75,89
75,Francklin,Loftus,floftus22@samsung.com,Male,46.244.120.165,82
76,Ximenes,Bault,xbault23@netlog.com,Male,113.135.136.116,90
77,Perceval,Mussett,pmussett24@webeden.co.uk,Male,84.143.13.135,30
78,Curry,Prydie,cprydie25@xinhuanet.com,Male,27.143.168.73,51
79,Ariana,Drayton,adrayton26@usnews.com,Female,107.113.93.152,91
80,Gerta,Paulin,gpaulin27@mediafire.com,Female,179.62.188.55,21
81,Vincent,Flay,vflay28@163.com,Male,20.72.41.236,55
82,Reggi,Danev,rdanev29@nsw.gov.au,Female,177.189.45.88,1
83,Arnold,Barnwille,abarnwille2a@hubpages.com,Male,9.234.44.16,33
84,Riki,Daffey,rdaffey2b@drupal.org,Female,254.65.204.202,88
85,Constanta,Grabeham,cgrabeham2c@mysql.com,Female,233.247.247.129,36
86,Mallorie,Strephan,mstrephan2d@123-reg.co.uk,Female,250.72.204.141,40
87,Gwen,Cejka,gcejka2e@blinklist.com,Female,168.77.109.88,88
88,Abbot,Druitt,adruitt2f@ihg.com,Male,61.142.75.224,93
89,Maritsa,Jolland,mjolland2g@com.com,Female,0.111.143.33,96
90,Ivonne,O'Collopy,iocollopy2h@g.co,Female,44.52.47.199,97
91,Marcia,Colin,mcolin2i@cocolog-nifty.com,Female,187.205.248.18,63
92,Gabie,Yousef,gyousef2j@google.nl,Female,60.242.111.107,91
93,Sheena,Shepley,sshepley2k@so-net.ne.jp,Female,235.218.213.180,74
94,Joceline,Attaway,jattaway2l@prnewswire.com,Female,138.85.208.22,10
95,Tommi,Alderwick,talderwick2m@amazon.co.uk,Female,242.28.75.9,6
96,Maxine,Karp,mkarp2n@newsvine.com,Female,185.249.142.83,31
97,Caro,Elwel,celwel2o@clickbank.net,Female,54.60.253.120,26
98,Allister,Coplestone,acoplestone2p@pinterest.com,Male,236.165.53.111,39
99,Tibold,Lawrence,tlawrence2q@twitter.com,Male,99.244.133.30,69
100,Horten,Waszczykowski,hwaszczykowski2r@irs.gov,Male,106.14.94.134,38
101,Birdie,O'Lehane,bolehane2s@github.com,Female,222.4.22.151,2
102,Jermayne,Screen,jscreen2t@fema.gov,Male,26.192.64.70,9
103,Golda,Ferrar,gferrar2u@imdb.com,Female,183.108.82.193,79
104,Gualterio,Ebbles,gebbles2v@theatlantic.com,Male,255.31.127.90,23
105,Cosette,Hurche,churche2w@histats.com,Female,127.48.60.15,51
106,Polly,Hartles,phartles2x@about.com,Female,197.169.124.25,64
107,Temp,Emmerson,temmerson2y@freewebs.com,Male,29.199.74.37,27
108,Maryellen,Philpin,mphilpin2z@t-online.de,Female,210.122.250.152,57
109,Orton,Bysh,obysh30@slideshare.net,Male,96.163.217.153,62
110,Tamra,Elphee,telphee31@omniture.com,Female,133.231.111.142,92
111,Maryjane,Antrum,mantrum32@microsoft.com,Female,37.86.126.64,72
112,Bogey,Sclanders,bsclanders33@wix.com,Male,152.185.204.65,38
113,Hillery,Bergstram,hbergstram34@infoseek.co.jp,Male,38.117.100.74,50
114,Lucian,Grigoliis,lgrigoliis35@google.co.uk,Male,7.3.123.5,41
115,Rodrick,Greenhead,rgreenhead36@psu.edu,Male,37.9.67.212,17
116,Nye,Mould,nmould37@berkeley.edu,Male,243.29.212.163,24
117,Sadie,Langhorne,slanghorne38@gnu.org,Female,112.30.94.45,44
118,Rasla,Sumbler,rsumbler39@wordpress.org,Female,120.206.38.47,97
119,Franchot,Oglethorpe,foglethorpe3a@comsenz.com,Male,216.185.143.131,94
120,Yves,Piddle,ypiddle3b@mail.ru,Male,110.247.17.184,31
121,Lianne,Ogborne,logborne3c@howstuffworks.com,Female,138.236.170.106,85
122,Yalonda,Romer,yromer3d@washington.edu,Female,244.156.114.224,60
123,Si,Lindenblatt,slindenblatt3e@sina.com.cn,Male,84.221.97.131,27
124,Chilton,Castangia,ccastangia3f@washingtonpost.com,Male,27.6.23.244,11
125,Aeriell,Yakovitch,ayakovitch3g@businesswire.com,Female,239.146.223.236,70
126,Major,Zanelli,mzanelli3h@jigsy.com,Male,2.93.230.112,11
127,Virginie,Habert,vhabert3i@jiathis.com,Female,2.195.185.55,12
128,Wang,Kobus,wkobus3j@engadget.com,Male,101.111.164.254,19
129,Layney,Shard,lshard3k@elegantthemes.com,Female,123.125.171.8,50
130,Lidia,Stein,lstein3l@github.io,Female,237.60.173.74,28
131,Judye,Berling,jberling3m@dailymail.co.uk,Female,13.19.168.120,43
132,Ludvig,Whitefoot,lwhitefoot3n@ning.com,Male,226.132.243.192,81
133,Upton,Prandy,uprandy3o@skyrock.com,Male,246.85.14.253,38
134,Dillon,Dundredge,ddundredge3p@cnet.com,Male,13.2.13.217,28
135,Stefano,Tollerfield,stollerfield3q@macromedia.com,Male,3.146.239.38,6
136,Laurianne,Dutteridge,ldutteridge3r@eepurl.com,Female,80.185.83.166,60
137,Even,Eary,eeary3s@sitemeter.com,Male,65.33.1.212,38
138,Arnie,Parsisson,aparsisson3t@weebly.com,Male,26.221.162.224,11
139,Scottie,Fairbairn,sfairbairn3u@epa.gov,Male,227.54.9.109,64
140,Carmine,Dewfall,cdewfall3v@gnu.org,Female,123.224.12.7,52
141,Margit,Topham,mtopham3w@yellowpages.com,Female,32.251.174.12,45
142,Dinah,Raithbie,draithbie3x@cornell.edu,Female,235.127.2.65,90
143,Koenraad,Selcraig,kselcraig3y@ezinearticles.com,Male,67.61.74.103,19
144,Bernardine,Bartosinski,bbartosinski3z@over-blog.com,Female,211.179.226.142,22
145,Mildrid,Mugford,mmugford40@hatena.ne.jp,Female,216.187.140.234,6
146,Dyna,Stidworthy,dstidworthy41@geocities.jp,Female,71.220.93.220,77
147,Gertrude,Schankel,gschankel42@t-online.de,Female,92.26.64.238,78
148,Cross,Mager,cmager43@exblog.jp,Male,44.92.65.28,72
149,Helyn,Arnatt,harnatt44@github.io,Female,245.227.224.158,49
150,Giulia,Piscopello,gpiscopello45@moonfruit.com,Female,223.101.72.96,28
151,Jessika,Fullicks,jfullicks46@nsw.gov.au,Female,115.50.250.37,59
152,Lorrie,Thebeau,lthebeau47@guardian.co.uk,Male,130.35.255.165,84
153,Leilah,Stern,lstern48@virginia.edu,Female,152.124.226.142,67
154,Hamil,Kermon,hkermon49@moonfruit.com,Male,114.68.217.166,79
155,Arne,Evill,aevill4a@cdc.gov,Male,104.226.176.233,34
156,Mick,Fearfull,mfearfull4b@google.com.hk,Male,226.145.235.199,66
157,Olivier,Shevels,oshevels4c@pen.io,Male,159.132.150.36,30
158,Tammi,Healings,thealings4d@soup.io,Female,196.88.9.204,8
159,Wilhelm,Glazzard,wglazzard4e@tamu.edu,Male,249.2.173.34,48
160,Breena,Vinas,bvinas4f@opera.com,Female,60.15.131.161,30
161,Lonni,Swadlen,lswadlen4g@liveinternet.ru,Female,175.44.228.80,58
162,Haily,Broose,hbroose4h@drupal.org,Male,59.13.236.192,28
163,Raviv,Chittim,rchittim4i@barnesandnoble.com,Male,127.197.224.31,74
164,Xenia,Seabrook,xseabrook4j@icq.com,Female,121.64.223.185,81
165,Liva,Oddboy,loddboy4k@dot.gov,Female,151.54.214.221,97
166,Christalle,Vescovini,cvescovini4l@google.ru,Female,251.191.69.8,8
167,Rennie,Dalgarnowch,rdalgarnowch4m@jimdo.com,Female,106.57.87.149,45
168,Maryanna,Cunniff,mcunniff4n@nydailynews.com,Female,29.247.253.173,11
169,Willey,Orable,worable4o@who.int,Male,238.216.23.190,76
170,Justinn,Vereker,jvereker4p@europa.eu,Female,85.91.177.29,69
171,Early,Taberner,etaberner4q@freewebs.com,Male,75.138.190.48,54
172,Jephthah,Rumsey,jrumsey4r@amazon.co.jp,Male,69.163.224.45,45
173,Alyda,Twinterman,atwinterman4s@networkadvertising.org,Female,184.162.81.14,17
174,Bordie,Howard,bhoward4t@usa.gov,Male,146.99.137.210,98
175,Kristy,Logg,klogg4u@goo.ne.jp,Female,107.73.56.54,51
176,Elbert,Cohani,ecohani4v@examiner.com,Male,5.210.199.13,57
177,Concettina,Haggett,chaggett4w@dailymotion.com,Female,200.9.15.152,17
178,Bette,Polgreen,bpolgreen4x@army.mil,Female,117.197.62.61,57
179,Larry,Currao,lcurrao4y@facebook.com,Male,228.189.54.12,27
180,Wiley,Broadhurst,wbroadhurst4z@smugmug.com,Male,79.148.135.174,49
181,Sacha,Conrath,sconrath50@soundcloud.com,Female,101.180.6.202,13
182,Carol,Bielfelt,cbielfelt51@shareasale.com,Female,204.120.183.3,88
183,Burt,Normanville,bnormanville52@live.com,Male,61.126.217.203,52
184,Alexandra,Bahia,abahia53@usa.gov,Female,191.7.173.150,27
185,Any,Letteresse,aletteresse54@youtu.be,Male,142.46.55.64,42
186,Horatio,Stovin,hstovin55@wisc.edu,Male,69.6.52.142,23
187,Tabby,Cassells,tcassells56@virginia.edu,Female,22.169.31.30,95
188,Diane,Fomichkin,dfomichkin57@hc360.com,Female,103.165.201.59,95
189,Etan,De Angelo,edeangelo58@europa.eu,Male,150.47.121.156,56
190,Braden,Fawdrie,bfawdrie59@dmoz.org,Male,177.176.142.43,80
191,Ariana,Clucas,aclucas5a@diigo.com,Female,191.233.191.224,5
192,Lyman,Van der Baaren,lvanderbaaren5b@yahoo.co.jp,Male,203.118.119.166,48
193,Cynde,Verrico,cverrico5c@jigsy.com,Female,129.110.166.251,29
194,Alejoa,Igoe,aigoe5d@bluehost.com,Male,120.28.145.142,48
195,Yettie,Hexum,yhexum5e@cbsnews.com,Female,162.124.96.41,30
196,Katey,Cruddace,kcruddace5f@facebook.com,Female,11.130.213.53,35
197,Stefanie,Braney,sbraney5g@studiopress.com,Female,228.201.38.143,36
198,Ingeberg,Whyberd,iwhyberd5h@multiply.com,Female,8.46.95.118,25
199,Christopher,Bert,cbert5i@edublogs.org,Male,181.88.230.136,96
200,Shellie,McGloin,smcgloin5j@sciencedirect.com,Female,86.197.253.22,37
201,Rosemary,Beton,rbeton5k@newyorker.com,Female,138.202.48.11,41
202,Guss,Cleever,gcleever5l@nbcnews.com,Male,114.231.252.70,39
203,Kandy,Hogbin,khogbin5m@zdnet.com,Female,19.7.61.142,14
204,Collen,Aubin,caubin5n@ebay.co.uk,Female,203.113.255.3,53
205,Simona,Brooksbie,sbrooksbie5o@bigcartel.com,Female,30.121.208.15,37
206,Carlita,Guslon,cguslon5p@geocities.com,Female,0.184.87.148,93
207,Courtnay,Preddle,cpreddle5q@cnet.com,Male,219.240.141.195,67
208,Alfreda,Jowsey,ajowsey5r@vk.com,Female,75.32.42.191,23
209,Melvin,Laycock,mlaycock5s@twitter.com,Male,245.12.254.61,54
210,Georgena,Eglise,geglise5t@uiuc.edu,Female,159.176.193.8,93
211,Matthew,Rudham,mrudham5u@dailymotion.com,Male,12.157.188.169,59
212,Andrej,McKenzie,amckenzie5v@chronoengine.com,Male,157.210.189.108,48
213,Hermann,Haddrill,hhaddrill5w@msn.com,Male,87.251.212.149,24
214,Allister,Chieze,achieze5x@umich.edu,Male,63.26.106.4,26
215,Janette,Aron,jaron5y@netvibes.com,Female,242.72.31.100,46
216,Elinor,Benneton,ebenneton5z@google.nl,Female,51.23.131.200,95
217,Arney,Molfino,amolfino60@harvard.edu,Male,209.55.165.136,59
218,Axe,Dufaur,adufaur61@ebay.co.uk,Male,218.33.183.255,96
219,Fania,Roddick,froddick62@redcross.org,Female,202.149.191.131,25
220,Gabriela,Reddoch,greddoch63@storify.com,Female,131.231.153.246,75
221,Raf,Haversham,rhaversham64@amazonaws.com,Female,249.144.108.153,97
222,Vanna,Flowith,vflowith65@ucsd.edu,Female,37.28.16.60,28
223,Clementine,Redwin,credwin66@psu.edu,Female,148.169.19.56,58
224,Renato,Haith,rhaith67@discuz.net,Male,42.136.168.162,5
225,Farica,Varden,fvarden68@usgs.gov,Female,37.206.154.77,34
226,Culley,Grigorian,cgrigorian69@npr.org,Male,16.86.138.248,15
227,Sax,Jimes,sjimes6a@stanford.edu,Male,75.213.76.193,96
228,Bald,Enoch,benoch6b@soundcloud.com,Male,47.219.185.174,94
229,Bordie,Iamittii,biamittii6c@bing.com,Male,143.63.21.134,95
230,Michal,Sivior,msivior6d@zimbio.com,Male,26.55.159.224,21
231,Ignaz,Rowles,irowles6e@loc.gov,Male,189.178.71.63,4
232,Rutger,Walton,rwalton6f@blogtalkradio.com,Male,131.137.224.189,44
233,Darbie,Lamanby,dlamanby6g@comcast.net,Female,32.9.234.149,9
234,Cookie,Eilhersen,ceilhersen6h@nasa.gov,Female,246.130.236.118,48
235,Octavia,Tortis,otortis6i@usgs.gov,Female,4.14.250.1,23
236,Felic,Bachelor,fbachelor6j@1688.com,Male,163.188.184.79,87
237,Lotte,Kayser,lkayser6k@reuters.com,Female,254.5.228.39,69
238,Theressa,Hegg,thegg6l@technorati.com,Female,87.171.95.93,33
239,Quintilla,Barstowk,qbarstowk6m@jigsy.com,Female,206.209.58.204,93
240,Arliene,Adderson,aadderson6n@utexas.edu,Female,219.61.253.245,14
241,Ethyl,Panichelli,epanichelli6o@oakley.com,Female,149.95.238.125,15
242,Petronia,MacCallister,pmaccallister6p@hubpages.com,Female,43.2.241.204,46
243,Bette-ann,Kuhlen,bkuhlen6q@narod.ru,Female,85.172.228.100,46
244,Lian,Balwin,lbalwin6r@ask.com,Female,153.108.231.225,42
245,Darrell,Woolam,dwoolam6s@de.vu,Male,178.16.195.0,41
246,Sylvan,O'Fairy,sofairy6t@360.cn,Male,221.241.132.161,12
247,Alasdair,Klimczak,aklimczak6u@csmonitor.com,Male,25.188.186.196,26
248,Jammal,Olin,jolin6v@army.mil,Male,18.47.148.132,78
249,Reube,Wickman,rwickman6w@com.com,Male,110.113.28.49,10
250,Jamill,M'Barron,jmbarron6x@addthis.com,Male,217.150.230.156,35
251,Blaire,Ree,bree6y@ehow.com,Female,235.109.53.132,91
252,Antonietta,Lomasna,alomasna6z@sciencedirect.com,Female,35.166.143.168,77
253,Sam,Erangey,serangey70@sciencedirect.com,Female,68.26.240.22,89
254,Florie,MacTrustam,fmactrustam71@parallels.com,Female,201.161.223.105,26
255,Tate,Strettell,tstrettell72@weibo.com,Female,90.153.173.171,43
256,Orville,Kilkenny,okilkenny73@blogspot.com,Male,16.237.184.102,57
257,Jasmin,Dabner,jdabner74@joomla.org,Female,126.6.2.65,53
258,Brietta,Zanutti,bzanutti75@de.vu,Female,7.222.54.197,52
259,Ferne,Camsey,fcamsey76@usatoday.com,Female,199.116.117.134,28
260,Wolfgang,Gallahar,wgallahar77@facebook.com,Male,188.115.52.170,53
261,Janis,Hanwell,jhanwell78@newyorker.com,Female,239.50.79.203,94
262,Melonie,Giblin,mgiblin79@artisteer.com,Female,144.157.162.251,1
263,Gretna,Cussins,gcussins7a@mail.ru,Female,179.186.125.209,15
264,Mario,Bockmaster,mbockmaster7b@angelfire.com,Male,147.167.29.158,53
265,Lionel,Drysdall,ldrysdall7c@chron.com,Male,233.219.179.197,95
266,Rice,Spensley,rspensley7d@sciencedaily.com,Male,119.234.205.205,95
267,Abdul,Dienes,adienes7e@who.int,Male,93.231.90.99,19
268,Tynan,Hourigan,thourigan7f@ebay.co.uk,Male,128.166.162.183,22
269,Mirella,Lysons,mlysons7g@google.com.br,Female,171.37.29.147,70
270,Daniella,Mattevi,dmattevi7h@skyrock.com,Female,17.119.128.83,15
271,Nita,Parsons,nparsons7i@cbc.ca,Female,33.134.148.186,75
272,Gunter,McIlvaney,gmcilvaney7j@freewebs.com,Male,189.155.241.73,22
273,Pavia,Ellicott,pellicott7k@xinhuanet.com,Female,62.251.35.135,76
274,Ellis,Grugerr,egrugerr7l@dell.com,Male,45.96.171.12,76
275,Sancho,Spensley,sspensley7m@miibeian.gov.cn,Male,242.215.43.117,61
276,Christoph,Alton,calton7n@earthlink.net,Male,246.110.76.58,34
277,Nicolais,Amy,namy7o@imdb.com,Male,236.38.20.254,3
278,Hailee,Vause,hvause7p@infoseek.co.jp,Female,147.151.0.250,2
279,Madeline,Yankov,myankov7q@ft.com,Female,205.112.140.53,44
280,Lorain,Sandon,lsandon7r@cafepress.com,Female,75.120.154.111,28
281,Ferdy,Darmody,fdarmody7s@surveymonkey.com,Male,246.250.61.22,74
282,Xaviera,Pithie,xpithie7t@bloglovin.com,Female,146.118.44.144,64
283,Franchot,Cumming,fcumming7u@omniture.com,Male,61.121.93.80,6
284,Moe,Osichev,mosichev7v@icio.us,Male,2.101.135.17,79
285,Lesley,Collingdon,lcollingdon7w@facebook.com,Male,178.2.19.53,21
286,Austin,Torrance,atorrance7x@jimdo.com,Male,83.107.186.167,17
287,Beaufort,Bignell,bbignell7y@mlb.com,Male,179.134.123.174,40
288,Essie,Spiers,espiers7z@google.nl,Female,8.32.246.22,56
289,Jarid,Giacomuzzo,jgiacomuzzo80@nytimes.com,Male,200.144.193.251,35
290,Aldwin,Scarce,ascarce81@bbb.org,Male,149.195.202.57,23
291,Warden,Gillespey,wgillespey82@ebay.co.uk,Male,175.133.126.174,35
292,Johny,Ludvigsen,jludvigsen83@nsw.gov.au,Male,188.160.0.246,19
293,Waverly,Adamini,wadamini84@engadget.com,Male,224.52.163.24,91
294,Sada,Bradly,sbradly85@cocolog-nifty.com,Female,27.19.17.87,97
295,Michale,Iacobacci,miacobacci86@printfriendly.com,Male,131.26.204.44,84
296,Zollie,Hedman,zhedman87@miitbeian.gov.cn,Male,91.36.163.72,56
297,Emile,Craster,ecraster88@list-manage.com,Male,116.188.181.204,14
298,See,Karlsen,skarlsen89@abc.net.au,Male,162.127.177.36,41
299,Aigneis,Shaxby,ashaxby8a@discuz.net,Female,252.166.68.49,96
300,Charlotta,Shellsheere,cshellsheere8b@yahoo.com,Female,158.197.45.57,39
301,Dmitri,Dymocke,ddymocke8c@is.gd,Male,224.99.18.199,27
302,Grady,Shillaber,gshillaber8d@cbc.ca,Male,176.69.102.72,19
303,Sergei,Beacham,sbeacham8e@va.gov,Male,91.199.238.185,14
304,Steffen,Chattoe,schattoe8f@auda.org.au,Male,38.219.94.219,81
305,Eldridge,Wyper,ewyper8g@woothemes.com,Male,250.119.63.56,9
306,Warner,Yellowley,wyellowley8h@deliciousdays.com,Male,150.15.102.159,27
307,Halsy,Thorn,hthorn8i@loc.gov,Male,64.41.201.228,57
308,Sacha,Skamal,sskamal8j@slashdot.org,Female,96.241.233.99,70
309,Lisbeth,Khomin,lkhomin8k@reverbnation.com,Female,146.107.14.154,21
310,Orsa,Emanuelov,oemanuelov8l@scientificamerican.com,Female,82.220.72.159,10
311,Agatha,Mains,amains8m@amazonaws.com,Female,185.246.148.71,67
312,Anthe,McGaraghan,amcgaraghan8n@chicagotribune.com,Female,237.45.187.109,1
313,De,Jope,djope8o@exblog.jp,Female,22.111.32.5,95
314,Aylmar,Ipsgrave,aipsgrave8p@ustream.tv,Male,88.48.140.160,77
315,Charlton,Maddigan,cmaddigan8q@networksolutions.com,Male,220.44.174.33,52
316,Netta,Sawkins,nsawkins8r@techcrunch.com,Female,32.137.227.129,45
317,Dodi,Kumaar,dkumaar8s@sbwire.com,Female,99.35.114.182,13
318,Alameda,Sevior,asevior8t@multiply.com,Female,240.88.113.182,43
319,Vivie,Pettecrew,vpettecrew8u@elpais.com,Female,111.237.66.29,100
320,Allister,Mourton,amourton8v@nifty.com,Male,53.6.209.168,84
321,Charlotte,Blaza,cblaza8w@nifty.com,Female,13.197.24.147,19
322,Layney,Pickford,lpickford8x@mozilla.com,Female,116.90.249.194,68
323,Tamra,Strevens,tstrevens8y@comsenz.com,Female,120.22.215.84,14
324,Nap,Eldred,neldred8z@google.com.au,Male,96.234.22.188,96
325,Merry,Tackett,mtackett90@thetimes.co.uk,Female,154.130.228.115,28
326,Ethelred,Mothersole,emothersole91@themeforest.net,Male,132.150.204.250,66
327,Ernesto,Sprey,esprey92@mac.com,Male,24.20.85.209,40
328,Yehudit,Van den Velden,yvandenvelden93@pinterest.com,Male,29.185.145.73,52
329,Trudy,Lemasney,tlemasney94@phoca.cz,Female,72.184.154.14,59
330,Douglass,Delafont,ddelafont95@jalbum.net,Male,98.204.175.251,64
331,Mandi,Matushevich,mmatushevich96@chicagotribune.com,Female,203.14.34.83,12
332,Happy,Patria,hpatria97@xing.com,Female,226.33.159.104,58
333,Linea,Glasman,lglasman98@drupal.org,Female,103.129.24.233,97
334,Faydra,Outhwaite,fouthwaite99@sbwire.com,Female,180.77.235.32,63
335,Van,Barff,vbarff9a@utexas.edu,Female,152.101.160.78,58
336,Thorndike,Baptista,tbaptista9b@alibaba.com,Male,25.179.224.236,34
337,Karlotta,Threadkell,kthreadkell9c@netscape.com,Female,101.212.11.201,8
338,Berke,Scrowston,bscrowston9d@vistaprint.com,Male,165.176.151.142,80
339,Gian,Nutley,gnutley9e@dot.gov,Male,45.31.142.137,6
340,Conny,Primrose,cprimrose9f@rambler.ru,Male,81.81.101.0,83
341,Giacopo,Spofforth,gspofforth9g@com.com,Male,191.41.122.145,7
342,Zora,Klaussen,zklaussen9h@pcworld.com,Female,31.34.28.87,36
343,Cob,Vautre,cvautre9i@linkedin.com,Male,107.219.228.130,90
344,Audie,Kits,akits9j@printfriendly.com,Female,111.168.175.144,73
345,Logan,Simpole,lsimpole9k@wsj.com,Male,203.74.199.110,50
346,Berty,Yare,byare9l@lulu.com,Female,140.133.182.193,86
347,Koenraad,Jereatt,kjereatt9m@va.gov,Male,116.22.221.125,74
348,Brantley,Saill,bsaill9n@cocolog-nifty.com,Male,135.75.118.159,14
349,Johny,Robiot,jrobiot9o@aboutads.info,Male,188.27.212.233,90
350,Viv,Ravillas,vravillas9p@pen.io,Female,114.92.56.236,33
351,Luce,Hannen,lhannen9q@uol.com.br,Male,3.177.66.166,59
352,Gwendolen,Haw,ghaw9r@blinklist.com,Female,3.164.159.121,58
353,Sayers,Jayme,sjayme9s@cmu.edu,Male,249.144.181.120,33
354,Blisse,Jancar,bjancar9t@fc2.com,Female,131.7.144.62,37
355,Rutledge,Gullan,rgullan9u@amazonaws.com,Male,69.150.250.21,90
356,Torrence,Smalley,tsmalley9v@cafepress.com,Male,58.110.163.184,6
357,Harald,Mountjoy,hmountjoy9w@hostgator.com,Male,68.83.205.34,52
358,Ciel,McLinden,cmclinden9x@earthlink.net,Female,39.104.12.77,48
359,Emlynne,Neathway,eneathway9y@google.pl,Female,135.19.168.129,59
360,Zacherie,Flaunier,zflaunier9z@edublogs.org,Male,125.2.18.211,69
361,Bartholomeus,Tavernor,btavernora0@marketwatch.com,Male,120.62.32.82,28
362,Johna,Halliwell,jhalliwella1@dmoz.org,Female,107.10.118.103,12
363,Lonnie,Witch,lwitcha2@infoseek.co.jp,Male,8.19.220.27,36
364,Otha,Duffit,oduffita3@is.gd,Female,39.34.45.47,7
365,Marc,Konneke,mkonnekea4@hexun.com,Male,22.233.92.106,76
366,Kare,Saby,ksabya5@mac.com,Female,196.50.40.97,24
367,Ware,Bein,wbeina6@tumblr.com,Male,196.191.186.244,36
368,Dionisio,Doctor,ddoctora7@virginia.edu,Male,241.11.58.165,59
369,Lindy,Wooffinden,lwooffindena8@wsj.com,Male,238.130.14.234,49
370,Orel,Ivanuschka,oivanuschkaa9@linkedin.com,Female,167.196.164.240,33
371,Davin,Garnham,dgarnhamaa@freewebs.com,Male,160.168.38.59,7
372,Delora,McMakin,dmcmakinab@sourceforge.net,Female,85.191.35.181,12
373,Albie,Toffoletto,atoffolettoac@hexun.com,Male,204.10.193.101,78
374,Moll,Petcher,mpetcherad@istockphoto.com,Female,237.64.183.163,100
375,Gusti,Cokely,gcokelyae@apache.org,Female,89.118.200.1,94
376,Jaclin,Janeczek,jjaneczekaf@bigcartel.com,Female,85.126.63.178,87
377,Gisella,Sleany,gsleanyag@freewebs.com,Female,178.120.102.194,45
378,Juliane,Constant,jconstantah@tamu.edu,Female,79.18.9.177,78
379,Far,Borne,fborneai@squidoo.com,Male,112.175.91.231,57
380,Darla,Lintott,dlintottaj@arstechnica.com,Female,130.3.185.49,2
381,Maximilian,Abadam,mabadamak@auda.org.au,Male,27.26.247.5,39
382,Uriel,Loxton,uloxtonal@cmu.edu,Male,71.80.170.243,65
383,Willard,Walthew,wwalthewam@ucoz.com,Male,25.29.195.173,99
384,Berk,Harrald,bharraldan@ocn.ne.jp,Male,219.68.218.59,89
385,Annie,Beasleigh,abeasleighao@oakley.com,Female,60.215.202.220,91
386,Holly,Faire,hfaireap@wikispaces.com,Male,105.37.59.33,85
387,Flynn,Boumphrey,fboumphreyaq@flavors.me,Male,130.192.159.174,78
388,Veronika,Klarzynski,vklarzynskiar@yale.edu,Female,23.230.42.60,67
389,Gussy,Betteriss,gbetterissas@posterous.com,Female,94.31.185.110,52
390,Deirdre,Liverseege,dliverseegeat@behance.net,Female,241.57.205.248,99
391,Alisander,Lean,aleanau@twitpic.com,Male,27.233.92.217,59
392,Ema,Fairfoull,efairfoullav@cocolog-nifty.com,Female,94.41.34.200,83
393,Carey,Hoggin,chogginaw@virginia.edu,Male,73.12.95.58,57
394,Ambrose,Mityashin,amityashinax@joomla.org,Male,77.201.73.214,5
395,Talya,Pirouet,tpirouetay@wikimedia.org,Female,67.242.99.189,14
396,Emmerich,Bronger,ebrongeraz@etsy.com,Male,52.179.143.114,26
397,Danell,Neicho,dneichob0@photobucket.com,Female,14.236.197.37,48
398,Odele,Biggerdike,obiggerdikeb1@geocities.jp,Female,190.111.32.37,14
399,Alfie,Shervington,ashervingtonb2@exblog.jp,Male,55.151.156.197,33
400,Milo,Risom,mrisomb3@bluehost.com,Male,5.245.2.217,33
401,Isaak,O'Mara,iomarab4@google.co.uk,Male,32.183.141.211,20
402,Leroy,Lever,lleverb5@cbsnews.com,Male,54.161.240.161,4
403,Kingston,Howroyd,khowroydb6@creativecommons.org,Male,233.47.247.84,68
404,Ulick,Sonier,usonierb7@jimdo.com,Male,89.18.123.116,48
405,Beryle,Fores,bforesb8@ocn.ne.jp,Female,83.246.148.77,32
406,Carl,Ivanishchev,civanishchevb9@artisteer.com,Male,74.246.97.37,100
407,Christina,Marquess,cmarquessba@si.edu,Female,183.148.58.176,85
408,Alexandre,Kivell,akivellbb@spiegel.de,Male,166.231.158.204,25
409,Nigel,Peskin,npeskinbc@slate.com,Male,212.178.7.35,15
410,Vida,Huish,vhuishbd@usa.gov,Female,76.159.240.119,25
411,Lea,Denslow,ldenslowbe@wordpress.org,Female,26.104.23.54,66
412,Patrizia,Deegin,pdeeginbf@opera.com,Female,186.252.7.209,67
413,Galen,Collett,gcollettbg@prweb.com,Male,56.190.151.57,73
414,Ruperto,Volonte,rvolontebh@1und1.de,Male,249.13.28.234,56
415,Sal,Gimenez,sgimenezbi@shutterfly.com,Male,44.205.149.148,51
416,Seamus,Lodovichi,slodovichibj@cbslocal.com,Male,225.229.36.123,48
417,Laughton,Hales,lhalesbk@statcounter.com,Male,219.95.199.129,85
418,Pedro,Hoffman,phoffmanbl@amazon.com,Male,210.184.86.7,89
419,Kermit,Stivens,kstivensbm@sbwire.com,Male,109.23.240.21,52
420,Tersina,Bene,tbenebn@wsj.com,Female,26.84.25.7,54
421,Leese,Alaway,lalawaybo@com.com,Female,50.185.64.141,18
422,Shannon,Dugan,sduganbp@dot.gov,Male,96.138.94.244,49
423,Ulla,Puddin,upuddinbq@unesco.org,Female,78.23.152.198,33
424,Dev,Kerrod,dkerrodbr@businessinsider.com,Male,231.91.249.166,93
425,Katlin,De Few,kdefewbs@g.co,Female,64.225.50.88,62
426,Yolanthe,Hobbing,yhobbingbt@bizjournals.com,Female,184.165.138.65,45
427,Valida,Pitkaithly,vpitkaithlybu@csmonitor.com,Female,145.70.145.208,36
428,Doll,Hayen,dhayenbv@exblog.jp,Female,155.81.173.179,11
429,Mabel,Dawidman,mdawidmanbw@rediff.com,Female,61.226.138.255,86
430,Aila,Colenutt,acolenuttbx@earthlink.net,Female,72.141.157.35,51
431,Silvano,Shuttleworth,sshuttleworthby@bluehost.com,Male,37.218.179.7,26
432,Carmine,Ivy,civybz@angelfire.com,Male,98.7.234.151,7
433,Clive,Valerius,cvaleriusc0@mit.edu,Male,94.38.143.164,88
434,Cletis,Muirden,cmuirdenc1@wiley.com,Male,219.125.120.126,51
435,Sibeal,Bartalucci,sbartaluccic2@wsj.com,Female,207.69.144.32,24
436,Corrie,Esselin,cesselinc3@mit.edu,Female,143.255.247.189,83
437,Germaine,Landsbury,glandsburyc4@parallels.com,Female,124.137.239.146,80
438,Mellicent,Coppock.,mcoppockc5@uiuc.edu,Female,248.181.43.89,36
439,Paco,Cawthra,pcawthrac6@blinklist.com,Male,167.131.84.119,98
440,Val,Creeboe,vcreeboec7@reddit.com,Male,191.42.232.113,40
441,Murvyn,Paute,mpautec8@disqus.com,Male,158.243.104.97,38
442,Janos,Drummer,jdrummerc9@answers.com,Male,40.190.166.221,45
443,Anson,Hillum,ahillumca@reddit.com,Male,54.128.228.18,75
444,Oriana,Zorzutti,ozorzutticb@merriam-webster.com,Female,49.4.177.166,3
445,Antonin,Palek,apalekcc@taobao.com,Male,99.236.106.245,30
446,Davie,Bellinger,dbellingercd@comsenz.com,Male,73.95.249.111,34
447,Durant,Mohamed,dmohamedce@odnoklassniki.ru,Male,71.119.89.214,4
448,Merissa,Proschek,mproschekcf@soundcloud.com,Female,1.222.145.182,94
449,Berta,Alaway,balawaycg@nature.com,Female,86.27.154.149,83
450,Barton,Wiggin,bwigginch@deviantart.com,Male,211.203.159.148,87
451,Durward,Crome,dcromeci@mtv.com,Male,80.8.217.21,67
452,Alta,Huston,ahustoncj@addtoany.com,Female,120.199.65.22,88
453,Jareb,Kleinstern,jkleinsternck@sina.com.cn,Male,176.150.223.46,71
454,Antonio,Oates,aoatescl@yelp.com,Male,65.226.144.53,41
455,Joeann,Firle,jfirlecm@oracle.com,Female,3.135.111.150,79
456,Randi,Vamplers,rvamplerscn@amazon.co.uk,Male,245.104.3.25,51
457,Tedman,Sellers,tsellersco@cargocollective.com,Male,177.204.121.128,82
458,Ferris,Daly,fdalycp@nationalgeographic.com,Male,14.16.150.152,14
459,Fernando,Abbett,fabbettcq@addthis.com,Male,145.214.138.207,1
460,Dori,Rieger,driegercr@tmall.com,Female,77.190.74.157,57
461,Jobey,Saunder,jsaundercs@unicef.org,Female,90.9.152.226,21
462,Sidonnie,Elward,selwardct@squidoo.com,Female,162.132.91.69,10
463,Kelcy,Hasslocher,khasslochercu@shop-pro.jp,Female,55.228.167.60,97
464,Chloe,Elderkin,celderkincv@adobe.com,Female,134.170.201.226,14
465,Maxy,Kennady,mkennadycw@yolasite.com,Female,245.161.169.229,86
466,Augy,Littlewood,alittlewoodcx@istockphoto.com,Male,91.38.242.235,5
467,Wilhelm,Dellar,wdellarcy@nbcnews.com,Male,121.162.25.191,8
468,Gipsy,Bahls,gbahlscz@usgs.gov,Female,173.206.201.51,85
469,Filberte,O'Regan,foregand0@cornell.edu,Male,180.153.230.239,26
470,Cullen,Moakes,cmoakesd1@soup.io,Male,242.193.46.73,86
471,Gaby,Canlin,gcanlind2@youku.com,Male,56.95.53.216,51
472,Louie,Seamer,lseamerd3@google.pl,Male,45.48.165.65,92
473,Suzy,Trewman,strewmand4@discuz.net,Female,82.10.220.127,38
474,Freddie,Ambler,famblerd5@zimbio.com,Male,24.208.44.0,73
475,Bertie,Seebright,bseebrightd6@comcast.net,Female,76.246.122.126,91
476,Jerad,McPhee,jmcpheed7@cocolog-nifty.com,Male,26.9.19.173,59
477,Maxy,Meeking,mmeekingd8@wikipedia.org,Male,139.237.56.28,60
478,Joelly,Cross,jcrossd9@google.it,Female,247.12.244.131,31
479,Harriette,Tallant,htallantda@upenn.edu,Female,255.30.200.43,49
480,Stace,Dragge,sdraggedb@purevolume.com,Female,250.218.41.215,87
481,Petronilla,Chinery,pchinerydc@123-reg.co.uk,Female,146.157.92.245,29
482,Ethelyn,Liddiard,eliddiarddd@umn.edu,Female,127.141.26.190,8
483,Beatrice,Rubica,brubicade@php.net,Female,165.102.100.91,10
484,Sterling,Tatterton,stattertondf@google.ru,Male,75.75.249.137,44
485,Aldo,Deely,adeelydg@indiegogo.com,Male,254.169.89.223,84
486,Leonid,Ratcliff,lratcliffdh@china.com.cn,Male,149.176.138.50,68
487,Ambrosi,Fraczek,afraczekdi@gov.uk,Male,114.149.25.198,11
488,Otto,Whelpdale,owhelpdaledj@nydailynews.com,Male,115.255.86.83,56
489,Beatrice,Woodsford,bwoodsforddk@flavors.me,Female,48.233.240.108,50
490,Pandora,Windridge,pwindridgedl@house.gov,Female,79.36.55.214,39
491,Lani,Walworth,lwalworthdm@pagesperso-orange.fr,Female,3.123.241.127,3
492,Sherlocke,Lichtfoth,slichtfothdn@sciencedaily.com,Male,190.138.162.222,55
493,Gilbert,Laidler,glaidlerdo@nydailynews.com,Male,199.20.188.105,62
494,Shirl,Scryne,sscrynedp@com.com,Female,210.77.243.41,26
495,Nataline,McGinney,nmcginneydq@ning.com,Female,83.86.186.6,95
496,Darb,Kleinhaut,dkleinhautdr@vkontakte.ru,Female,153.30.69.26,65
497,Les,Jennaroy,ljennaroyds@hc360.com,Male,131.15.176.12,74
498,Terencio,Robison,trobisondt@wikia.com,Male,13.198.60.156,58
499,Brent,Setford,bsetforddu@booking.com,Male,216.189.224.25,12
500,Morie,Kinner,mkinnerdv@upenn.edu,Male,194.38.26.129,82
501,Willabella,Coston,wcostondw@1und1.de,Female,205.55.117.76,100
502,Bernelle,Gaucher,bgaucherdx@tripadvisor.com,Female,18.231.1.170,23
503,Bealle,Grigor,bgrigordy@xinhuanet.com,Male,219.200.64.39,20
504,Radcliffe,Church,rchurchdz@macromedia.com,Male,39.64.202.9,15
505,Bee,Newcomb,bnewcombe0@sitemeter.com,Female,164.52.217.138,17
506,Drusilla,Saich,dsaiche1@nbcnews.com,Female,240.43.35.250,24
507,Mattheus,Gill,mgille2@army.mil,Male,241.148.77.108,6
508,Roderick,Backen,rbackene3@xing.com,Male,151.227.21.214,55
509,Dela,Bedingfield,dbedingfielde4@goo.gl,Female,102.17.251.128,61
510,Charlotte,Bartolomieu,cbartolomieue5@kickstarter.com,Female,20.223.215.254,53
511,Dulcinea,Wallice,dwallicee6@toplist.cz,Female,238.66.179.100,34
512,Sid,Trathen,strathene7@deviantart.com,Male,30.210.123.43,82
513,Elsie,Flinn,eflinne8@amazon.co.uk,Female,193.105.177.155,64
514,Georgi,Braund,gbraunde9@sitemeter.com,Male,94.229.218.140,35
515,Marika,Studdert,mstuddertea@friendfeed.com,Female,114.109.198.194,15
516,Stesha,Stennard,sstennardeb@arizona.edu,Female,210.33.75.48,23
517,Kerrie,Rigmand,krigmandec@ebay.com,Female,48.91.122.60,51
518,Zaccaria,Capon,zcaponed@histats.com,Male,209.142.101.214,52
519,Durand,Scotchbourouge,dscotchbourougeee@nymag.com,Male,166.3.141.200,54
520,Marketa,Chinnery,mchinneryef@dion.ne.jp,Female,225.49.123.250,90
521,Kevan,Dawney,kdawneyeg@upenn.edu,Male,182.189.53.21,97
522,Melantha,Cardo,mcardoeh@google.nl,Female,109.250.122.88,97
523,Jonell,Menego,jmenegoei@sohu.com,Female,179.94.52.3,35
524,Carolann,Dyott,cdyottej@fc2.com,Female,186.12.215.114,12
525,Orelee,Fyers,ofyersek@multiply.com,Female,146.51.159.12,51
526,Forester,Hails,fhailsel@dedecms.com,Male,133.26.49.70,95
527,Darelle,Winwright,dwinwrightem@liveinternet.ru,Female,207.175.18.121,82
528,Giacobo,Marciskewski,gmarciskewskien@prnewswire.com,Male,235.23.187.11,30
529,Humfrey,Edlington,hedlingtoneo@examiner.com,Male,243.60.119.74,78
530,Ardra,Divell,adivellep@blogtalkradio.com,Female,52.47.190.255,88
531,Xever,Gohier,xgohiereq@google.com.au,Male,150.192.62.222,35
532,Jeffie,Janz,jjanzer@arizona.edu,Male,65.202.147.99,83
533,Corena,Linfitt,clinfittes@answers.com,Female,85.239.179.148,49
534,Raleigh,Donnellan,rdonnellanet@chronoengine.com,Male,171.61.220.59,31
535,Lauree,Hrinchenko,lhrinchenkoeu@msn.com,Female,204.228.111.212,20
536,Amye,Shill,ashillev@businessinsider.com,Female,140.48.152.48,19
537,Mala,Showte,mshowteew@youtu.be,Female,104.201.138.131,52
538,Gaspar,Pickford,gpickfordex@mozilla.org,Male,170.236.104.34,48
539,Nil,Hannabus,nhannabusey@fema.gov,Male,219.205.31.27,83
540,Boris,Duxbarry,bduxbarryez@odnoklassniki.ru,Male,27.222.178.72,27
541,Jorgan,Kimblin,jkimblinf0@google.com.br,Male,141.202.232.75,20
542,Lyndy,Brodbin,lbrodbinf1@vk.com,Female,202.45.117.154,97
543,Fraze,Gerber,fgerberf2@cyberchimps.com,Male,125.12.15.2,50
544,Shandeigh,Pinnigar,spinnigarf3@imageshack.us,Female,125.124.26.138,94
545,Gayler,Billington,gbillingtonf4@illinois.edu,Male,210.48.42.244,66
546,Ulrikaumeko,Delaprelle,udelaprellef5@51.la,Female,59.116.9.233,39
547,Salvidor,Rhelton,srheltonf6@addthis.com,Male,124.161.34.54,45
548,Ashleigh,Crain,acrainf7@wordpress.org,Female,245.197.251.124,49
549,Sasha,Flewett,sflewettf8@vinaora.com,Male,234.226.70.235,42
550,Jerome,Longwood,jlongwoodf9@hostgator.com,Male,56.83.169.74,94
551,Adah,Roughey,arougheyfa@nps.gov,Female,147.5.69.46,45
552,Leann,Wilmott,lwilmottfb@theglobeandmail.com,Female,215.184.9.161,72
553,Lorry,Staite,lstaitefc@reference.com,Female,59.187.225.150,77
554,Morgana,Whiteland,mwhitelandfd@w3.org,Female,157.20.144.134,86
555,Alexi,Ive,aivefe@tmall.com,Female,200.227.189.214,30
556,Ario,Burthom,aburthomff@ted.com,Male,98.195.56.125,7
557,Sonnie,Worthing,sworthingfg@dot.gov,Female,3.15.126.112,61
558,Guillaume,Velasquez,gvelasquezfh@elegantthemes.com,Male,148.116.6.64,22
559,Vi,Wattinham,vwattinhamfi@weather.com,Female,21.41.120.62,23
560,Jacquette,Hares,jharesfj@nationalgeographic.com,Female,163.249.77.139,46
561,Christalle,McKeighen,cmckeighenfk@godaddy.com,Female,135.52.133.234,41
562,Shanan,Beacock,sbeacockfl@google.com,Male,134.215.85.229,42
563,Rhetta,Cresswell,rcresswellfm@si.edu,Female,238.20.198.9,33
564,Giorgi,Filppetti,gfilppettifn@miitbeian.gov.cn,Male,18.20.165.139,91
565,Jacinta,Jukes,jjukesfo@yolasite.com,Female,233.126.136.193,10
566,Theodora,Meddemmen,tmeddemmenfp@ycombinator.com,Female,4.33.61.69,2
567,Whitman,Ogbourne,wogbournefq@ustream.tv,Male,4.163.231.147,20
568,Tamarra,Featonby,tfeatonbyfr@themeforest.net,Female,177.165.184.177,52
569,Roby,Franck,rfranckfs@thetimes.co.uk,Female,72.99.133.168,36
570,Duke,Cochrane,dcochraneft@com.com,Male,129.237.180.217,14
571,Gerianna,Sisselot,gsisselotfu@weibo.com,Female,50.40.244.231,12
572,Frederich,Furzey,ffurzeyfv@quantcast.com,Male,34.83.234.173,97
573,Keane,Grzegorecki,kgrzegoreckifw@tripadvisor.com,Male,247.3.26.134,91
574,Duffie,Dent,ddentfx@ocn.ne.jp,Male,174.81.247.242,86
575,Kaleb,Caslake,kcaslakefy@mediafire.com,Male,54.170.16.142,47
576,Colas,Archley,carchleyfz@cornell.edu,Male,26.168.126.110,76
577,Neel,Marr,nmarrg0@cpanel.net,Male,100.223.44.113,63
578,Martyn,Cloy,mcloyg1@bloglovin.com,Male,134.241.82.243,85
579,Randolph,Brogioni,rbrogionig2@psu.edu,Male,93.158.7.170,32
580,Enrica,Seint,eseintg3@51.la,Female,54.97.222.241,86
581,Wade,Long,wlongg4@github.io,Male,91.96.129.143,13
582,Eva,Cowpertwait,ecowpertwaitg5@twitpic.com,Female,207.133.188.25,20
583,Kyrstin,Sellwood,ksellwoodg6@biglobe.ne.jp,Female,111.177.110.115,40
584,Harlen,Lace,hlaceg7@hp.com,Male,133.38.21.226,62
585,Rooney,Clement,rclementg8@foxnews.com,Male,3.1.252.112,41
586,Flo,Faircliff,ffaircliffg9@mtv.com,Female,79.55.83.136,10
587,Reine,Castelli,rcastelliga@google.com.hk,Female,204.154.163.135,1
588,Bidget,Tillman,btillmangb@buzzfeed.com,Female,186.217.88.140,38
589,Olva,Bishell,obishellgc@plala.or.jp,Female,22.63.151.64,26
590,Arie,Spancock,aspancockgd@reddit.com,Male,218.205.146.190,49
591,Hogan,Hessenthaler,hhessenthalerge@moonfruit.com,Male,54.5.108.120,44
592,Emmy,Keyes,ekeyesgf@baidu.com,Male,121.46.73.37,27
593,Cleon,Gianelli,cgianelligg@bbb.org,Male,211.144.77.180,47
594,Harland,Whitehurst,hwhitehurstgh@yellowbook.com,Male,215.39.118.136,28
595,Patrick,Tumasian,ptumasiangi@google.fr,Male,105.44.164.75,24
596,Jordan,Fulop,jfulopgj@vinaora.com,Male,96.105.143.55,72
597,Alexandrina,De Meis,ademeisgk@wsj.com,Female,30.29.160.104,53
598,Juana,Lawtey,jlawteygl@pbs.org,Female,99.255.102.25,15
599,Cinda,Osgar,cosgargm@unicef.org,Female,52.232.92.163,69
600,Cullen,Iacovini,ciacovinign@aol.com,Male,242.190.171.42,2
601,Harald,Colquite,hcolquitego@delicious.com,Male,231.37.124.148,38
602,Weylin,Lyttle,wlyttlegp@list-manage.com,Male,221.225.56.230,32
603,Carver,Biddy,cbiddygq@dailymail.co.uk,Male,163.233.66.186,74
604,Shelley,McCreedy,smccreedygr@wufoo.com,Female,241.123.88.227,95
605,Towney,Pires,tpiresgs@ft.com,Male,118.91.105.61,8
606,Ahmed,Loalday,aloaldaygt@vkontakte.ru,Male,89.78.219.69,67
607,Olly,Norsister,onorsistergu@skype.com,Female,50.245.79.59,17
608,Kristyn,Adair,kadairgv@newsvine.com,Female,64.242.152.155,8
609,Gladi,Zaniolini,gzaniolinigw@go.com,Female,106.6.172.227,60
610,Bryant,Booty,bbootygx@illinois.edu,Male,143.95.174.234,43
611,Agatha,Taunton.,atauntongy@sun.com,Female,61.155.178.16,38
612,Isobel,Blunkett,iblunkettgz@nbcnews.com,Female,29.220.75.44,74
613,Muire,Hardisty,mhardistyh0@surveymonkey.com,Female,148.235.150.37,85
614,Suzann,Crowd,scrowdh1@uol.com.br,Female,101.144.171.203,87
615,Zola,Robbert,zrobberth2@pcworld.com,Female,86.41.196.34,19
616,Spence,Klimochkin,sklimochkinh3@cyberchimps.com,Male,75.153.178.53,14
617,Caresa,Rounsefell,crounsefellh4@thetimes.co.uk,Female,46.154.232.240,32
618,Rosaline,Oliffe,roliffeh5@wsj.com,Female,161.52.8.78,62
619,Skippie,Verchambre,sverchambreh6@msn.com,Male,129.205.227.100,67
620,Abbey,Sunley,asunleyh7@devhub.com,Female,211.42.7.104,13
621,Terrie,Cranham,tcranhamh8@ibm.com,Female,106.185.85.129,56
622,Kaia,Knappitt,kknappitth9@omniture.com,Female,35.64.57.25,42
623,Lowe,Buttrey,lbuttreyha@instagram.com,Male,209.78.125.134,90
624,Nealy,Girtin,ngirtinhb@etsy.com,Male,22.135.81.157,10
625,Imogene,Schout,ischouthc@usgs.gov,Female,106.251.138.250,23
626,Livvyy,Drabble,ldrabblehd@telegraph.co.uk,Female,185.55.225.29,63
627,Malia,McClunaghan,mmcclunaghanhe@shinystat.com,Female,27.14.55.3,51
628,Aliza,Bufton,abuftonhf@boston.com,Female,149.179.217.169,18
629,Nataline,O'Garmen,nogarmenhg@buzzfeed.com,Female,18.248.18.36,18
630,John,Houselee,jhouseleehh@pen.io,Male,47.247.221.0,39
631,Duff,Tressler,dtresslerhi@msu.edu,Male,81.217.248.91,16
632,Guido,Ibbs,gibbshj@merriam-webster.com,Male,82.222.221.1,32
633,Zebedee,Baldung,zbaldunghk@privacy.gov.au,Male,103.139.110.84,75
634,Carmella,Middle,cmiddlehl@cyberchimps.com,Female,117.30.228.24,89
635,Tate,Dubble,tdubblehm@about.com,Female,195.96.27.198,69
636,Otho,Spray,osprayhn@51.la,Male,188.189.132.236,69
637,Dalis,O'Sherrin,dosherrinho@wsj.com,Male,253.133.57.63,47
638,Lia,Arkle,larklehp@slate.com,Female,196.237.191.119,99
639,Querida,Pratchett,qpratchetthq@amazon.com,Female,152.185.136.212,47
640,Kyla,Volonte,kvolontehr@samsung.com,Female,32.79.209.157,88
641,Brok,Maskew,bmaskewhs@umich.edu,Male,101.241.18.202,22
642,Nananne,Gobel,ngobelht@drupal.org,Female,120.143.71.145,27
643,Gideon,McKeighen,gmckeighenhu@php.net,Male,102.198.94.1,96
644,Shanan,Moller,smollerhv@homestead.com,Male,24.169.115.248,80
645,Ricoriki,Anslow,ranslowhw@networksolutions.com,Male,16.229.179.76,93
646,Nissy,Duigenan,nduigenanhx@photobucket.com,Female,1.163.145.158,32
647,Tanitansy,Haithwaite,thaithwaitehy@mediafire.com,Female,102.20.163.19,40
648,Elnore,Smidmor,esmidmorhz@devhub.com,Female,65.206.228.207,26
649,Suzie,Redwood,sredwoodi0@cyberchimps.com,Female,183.64.236.196,43
650,Gunilla,Graveston,ggravestoni1@diigo.com,Female,212.57.101.199,56
651,Xenia,Stowgill,xstowgilli2@google.nl,Female,33.247.80.49,2
652,Kristofor,Whorlow,kwhorlowi3@wordpress.com,Male,141.229.252.70,58
653,Val,Shone,vshonei4@example.com,Male,15.73.63.122,52
654,Doti,McTeague,dmcteaguei5@phpbb.com,Female,241.179.27.188,86
655,Ashley,O'Meara,aomearai6@posterous.com,Male,146.163.37.116,8
656,Anna-diane,Queyeiro,aqueyeiroi7@bing.com,Female,217.233.178.154,45
657,Elliot,Sharphurst,esharphursti8@163.com,Male,115.124.139.13,68
658,Tull,Castagno,tcastagnoi9@infoseek.co.jp,Male,39.210.249.128,100
659,Othelia,Andresser,oandresseria@huffingtonpost.com,Female,109.23.15.23,38
660,Abbie,Munroe,amunroeib@howstuffworks.com,Female,223.149.109.152,79
661,Ernest,Tuberfield,etuberfieldic@domainmarket.com,Male,242.42.68.228,48
662,Ezra,Fendley,efendleyid@t-online.de,Male,47.172.180.5,22
663,Gertrud,Sandaver,gsandaverie@mashable.com,Female,116.135.122.214,6
664,Winny,Andreini,wandreiniif@lycos.com,Female,124.135.11.61,62
665,Corrie,Eyes,ceyesig@newyorker.com,Male,235.233.131.89,79
666,Mahalia,Smallman,msmallmanih@reverbnation.com,Female,172.243.120.30,38
667,Tasia,Coronado,tcoronadoii@jugem.jp,Female,86.248.201.235,17
668,Rosana,Gresswood,rgresswoodij@squidoo.com,Female,183.159.37.231,65
669,Leon,Nudds,lnuddsik@ezinearticles.com,Male,22.236.69.19,31
670,Lawton,Niece,lnieceil@ibm.com,Male,198.232.216.111,54
671,Alfie,Claybourne,aclaybourneim@addtoany.com,Male,25.160.85.167,64
672,Mauricio,Gypps,mgyppsin@diigo.com,Male,194.109.37.157,32
673,Carmelita,Ranscomb,cranscombio@163.com,Female,226.30.201.17,10
674,Demetrius,Ortes,dortesip@discovery.com,Male,61.187.225.28,77
675,Sherilyn,Shreeve,sshreeveiq@bizjournals.com,Female,226.31.60.207,30
676,Lindon,Jakubowski,ljakubowskiir@github.io,Male,135.253.236.209,3
677,Faustina,Thurgood,fthurgoodis@lulu.com,Female,248.217.186.60,90
678,Xena,Grissett,xgrissettit@ameblo.jp,Female,18.124.252.57,52
679,Greggory,Dingley,gdingleyiu@jiathis.com,Male,111.53.82.150,95
680,Jarrod,Joseland,jjoselandiv@hp.com,Male,242.23.252.101,94
681,Chase,Wildor,cwildoriw@imdb.com,Male,77.14.95.246,37
682,Ardelia,Washington,awashingtonix@vk.com,Female,241.95.193.154,74
683,Earlie,Scocroft,escocroftiy@eepurl.com,Male,82.97.217.221,31
684,Chiquia,Trudgian,ctrudgianiz@oracle.com,Female,77.213.108.254,91
685,Theodora,McLaughlan,tmclaughlanj0@stumbleupon.com,Female,59.6.37.32,34
686,Nick,Cadle,ncadlej1@shutterfly.com,Male,43.252.251.1,45
687,Alford,Earingey,aearingeyj2@wp.com,Male,107.21.127.196,88
688,Addy,Roskrug,aroskrugj3@google.es,Male,254.228.70.199,8
689,Chad,Robelow,crobelowj4@nydailynews.com,Male,2.205.203.9,15
690,Rutherford,Currell,rcurrellj5@google.ca,Male,100.118.155.189,38
691,Gracia,Yegorov,gyegorovj6@printfriendly.com,Female,255.188.86.163,41
692,Berkie,Blewett,bblewettj7@archive.org,Male,114.98.132.181,11
693,Jonell,Oughton,joughtonj8@bloglines.com,Female,19.168.67.208,42
694,Barris,Peabody,bpeabodyj9@unicef.org,Male,241.130.142.26,10
695,Whitney,Dane,wdaneja@dell.com,Male,137.114.207.59,84
696,Elden,Braniff,ebraniffjb@newyorker.com,Male,197.187.186.91,60
697,Patience,Skellion,pskellionjc@example.com,Female,187.68.156.15,99
698,Jervis,Wadwell,jwadwelljd@elegantthemes.com,Male,5.32.220.168,71
699,Hallsy,Scutter,hscutterje@unc.edu,Male,214.97.94.77,31
700,Maurice,Flowith,mflowithjf@lulu.com,Male,225.232.38.230,52
701,Gilberto,Slisby,gslisbyjg@ebay.co.uk,Male,98.124.53.42,58
702,Rouvin,Androlli,randrollijh@nsw.gov.au,Male,178.178.243.51,47
703,Frans,Rutley,frutleyji@wikipedia.org,Male,214.126.209.230,100
704,Verena,Tizzard,vtizzardjj@ucoz.ru,Female,187.137.16.212,74
705,Alisun,Hegden,ahegdenjk@domainmarket.com,Female,228.236.158.204,19
706,Barrie,Trevorrow,btrevorrowjl@so-net.ne.jp,Female,77.189.182.99,51
707,Florinda,Leadley,fleadleyjm@techcrunch.com,Female,157.248.67.241,33
708,Ag,Worlock,aworlockjn@ucsd.edu,Female,108.12.40.94,2
709,Camellia,Phillippo,cphillippojo@merriam-webster.com,Female,78.109.172.46,38
710,Teodorico,Barnhill,tbarnhilljp@apache.org,Male,53.59.206.157,7
711,Kiley,Elt,keltjq@nps.gov,Male,139.132.68.7,54
712,Astrid,Merriott,amerriottjr@theatlantic.com,Female,144.44.249.69,47
713,Clayborne,Eyeington,ceyeingtonjs@cargocollective.com,Male,239.240.57.250,70
714,Audrye,Djurdjevic,adjurdjevicjt@yelp.com,Female,200.108.25.138,69
715,Vasilis,Steffens,vsteffensju@github.com,Male,52.144.18.167,39
716,Lowell,Magauran,lmagauranjv@diigo.com,Male,86.11.54.92,42
717,Jim,Nash,jnashjw@webeden.co.uk,Male,30.110.241.126,86
718,Lorinda,Kopecka,lkopeckajx@ifeng.com,Female,161.250.81.248,43
719,Torre,Pedroni,tpedronijy@over-blog.com,Male,117.187.162.102,93
720,Siegfried,Ainslee,sainsleejz@upenn.edu,Male,218.45.233.0,5
721,Carter,Doutch,cdoutchk0@skyrock.com,Male,50.202.248.27,21
722,Randie,Burrow,rburrowk1@vkontakte.ru,Male,216.157.247.130,24
723,Lavena,Haley,lhaleyk2@prnewswire.com,Female,133.198.1.250,3
724,Jacques,Brotherhead,jbrotherheadk3@arizona.edu,Male,189.200.166.215,31
725,Reinald,Raddon,rraddonk4@addthis.com,Male,168.169.109.115,69
726,Julienne,Frosch,jfroschk5@webeden.co.uk,Female,15.78.97.111,69
727,Jorey,Augustus,jaugustusk6@devhub.com,Female,127.63.49.102,60
728,Aguistin,Greave,agreavek7@oakley.com,Male,191.238.239.100,80
729,Wolfie,Fynn,wfynnk8@usa.gov,Male,70.239.215.108,90
730,Calida,Ollier,collierk9@dedecms.com,Female,148.131.235.196,90
731,Alessandro,Oultram,aoultramka@51.la,Male,159.34.17.213,2
732,Jacinta,Tukely,jtukelykb@wikipedia.org,Female,80.100.38.217,35
733,Adriana,Netting,anettingkc@latimes.com,Female,87.55.237.6,79
734,Peder,Samsworth,psamsworthkd@ning.com,Male,112.125.140.88,56
735,Maye,Easton,meastonke@indiegogo.com,Female,151.184.160.100,11
736,Alexis,Jammet,ajammetkf@php.net,Female,231.110.99.221,88
737,Terrill,Booley,tbooleykg@istockphoto.com,Male,211.216.115.0,11
738,Eda,Capnerhurst,ecapnerhurstkh@trellian.com,Female,47.36.84.124,94
739,Raymond,Krienke,rkrienkeki@artisteer.com,Male,37.222.96.244,73
740,Kyrstin,Blundel,kblundelkj@omniture.com,Female,106.251.239.85,21
741,Stephana,Diddams,sdiddamskk@icio.us,Female,228.71.97.172,17
742,Bradney,Browne,bbrownekl@drupal.org,Male,247.195.85.174,15
743,Dorey,Geldeford,dgeldefordkm@merriam-webster.com,Male,152.189.214.218,4
744,Ingmar,Kubik,ikubikkn@quantcast.com,Male,140.157.49.34,92
745,Jarrett,Floweth,jflowethko@npr.org,Male,185.168.6.141,11
746,Renae,Gravet,rgravetkp@wiley.com,Female,36.68.37.109,15
747,Skipp,Dunnan,sdunnankq@blogspot.com,Male,214.61.167.92,58
748,Odey,Callcott,ocallcottkr@tuttocitta.it,Male,95.125.141.221,38
749,Ciro,Steels,csteelsks@bbb.org,Male,46.173.127.7,80
750,Hanna,Cribbins,hcribbinskt@istockphoto.com,Female,95.115.46.53,30
751,Mario,Han,mhanku@cargocollective.com,Male,183.214.37.59,41
752,Lazar,Shetliff,lshetliffkv@jimdo.com,Male,123.246.61.104,81
753,Basilio,Lomasney,blomasneykw@pagesperso-orange.fr,Male,1.220.164.33,18
754,Deirdre,Andresen,dandresenkx@gravatar.com,Female,224.155.219.25,82
755,Merci,Brien,mbrienky@xrea.com,Female,120.207.204.94,53
756,Nolana,Girardini,ngirardinikz@sakura.ne.jp,Female,72.183.32.214,26
757,Evvy,Brehault,ebrehaultl0@usa.gov,Female,186.20.27.52,62
758,Jamaal,Sheekey,jsheekeyl1@shareasale.com,Male,5.198.79.2,71
759,Lesli,Hiley,lhileyl2@hud.gov,Female,44.138.96.147,70
760,Riki,Sweeney,rsweeneyl3@jalbum.net,Female,134.200.200.180,64
761,Tobit,Batson,tbatsonl4@fc2.com,Male,29.2.84.165,83
762,Mikaela,Toon,mtoonl5@elpais.com,Female,219.235.45.41,23
763,Carney,Gomme,cgommel6@spiegel.de,Male,91.169.39.85,49
764,Cleo,Wickens,cwickensl7@yolasite.com,Female,123.31.119.189,96
765,Deny,Hovey,dhoveyl8@dot.gov,Female,176.168.2.67,67
766,Corrina,Girke,cgirkel9@nba.com,Female,136.173.131.93,50
767,Gerianna,Doman,gdomanla@gizmodo.com,Female,95.143.71.122,56
768,Saudra,Fattore,sfattorelb@umich.edu,Female,163.166.83.1,53
769,May,Sandiford,msandifordlc@ucsd.edu,Female,232.136.54.66,80
770,Staci,Glyde,sglydeld@topsy.com,Female,90.241.189.204,52
771,Ingemar,Cockley,icockleyle@i2i.jp,Male,173.41.128.33,43
772,Noni,McGiff,nmcgifflf@alexa.com,Female,125.213.28.227,32
773,Kristopher,Fancy,kfancylg@newsvine.com,Male,211.95.249.50,20
774,Helli,Oret,horetlh@purevolume.com,Female,254.239.31.121,1
775,Nertie,Curee,ncureeli@yelp.com,Female,12.44.51.180,95
776,Justinian,Allibon,jallibonlj@washingtonpost.com,Male,77.44.143.224,81
777,Gladys,Santhouse,gsanthouselk@clickbank.net,Female,69.225.136.91,72
778,Modesta,Giovannini,mgiovanninill@cyberchimps.com,Female,21.0.163.54,83
779,Quentin,Dowall,qdowalllm@nifty.com,Female,97.63.113.6,21
780,Bernhard,Elmer,belmerln@gmpg.org,Male,133.28.217.69,79
781,Cybil,Cozzi,ccozzilo@admin.ch,Female,60.218.65.113,46
782,Marianne,Mathan,mmathanlp@mtv.com,Female,246.162.45.70,67
783,Duky,McCauley,dmccauleylq@about.me,Male,105.47.108.133,36
784,Teresita,Bearne,tbearnelr@exblog.jp,Female,44.43.136.185,9
785,Alessandra,Acedo,aacedols@netscape.com,Female,207.93.214.158,32
786,Sybil,Fearnill,sfearnilllt@example.com,Female,225.82.65.83,8
787,Jason,Kluge,jklugelu@independent.co.uk,Male,217.118.180.239,45
788,Brenda,Braams,bbraamslv@google.com.hk,Female,39.105.100.88,65
789,Ker,Gier,kgierlw@nifty.com,Male,233.126.173.148,43
790,Hashim,Vayro,hvayrolx@vimeo.com,Male,172.179.167.103,87
791,Thorstein,Brettel,tbrettelly@jalbum.net,Male,243.155.12.205,93
792,Rouvin,Sacker,rsackerlz@timesonline.co.uk,Male,139.188.115.208,58
793,Raeann,Sedgebeer,rsedgebeerm0@prlog.org,Female,198.49.182.72,51
794,Benoit,Mingauld,bmingauldm1@de.vu,Male,142.117.12.23,60
795,Jone,Aronoff,jaronoffm2@alexa.com,Male,240.181.26.114,54
796,Pattie,Roland,prolandm3@oracle.com,Female,20.176.68.132,22
797,Willem,Piddock,wpiddockm4@reverbnation.com,Male,177.12.155.85,26
798,Gordie,Nipper,gnipperm5@slate.com,Male,18.76.255.212,1
799,Katey,Brasner,kbrasnerm6@sakura.ne.jp,Female,104.109.40.67,92
800,Joyce,Caves,jcavesm7@webmd.com,Female,54.99.148.38,77
801,Willi,Davidovich,wdavidovichm8@slate.com,Male,111.110.204.242,17
802,Nester,Adamo,nadamom9@sohu.com,Male,81.108.192.132,49
803,Neely,Tolussi,ntolussima@joomla.org,Female,91.221.215.39,67
804,Ardra,Bonome,abonomemb@amazon.co.jp,Female,248.252.241.186,9
805,Jacquie,Traske,jtraskemc@4shared.com,Female,91.26.202.234,10
806,Kerwinn,Mowson,kmowsonmd@qq.com,Male,142.46.174.239,86
807,Orel,Packer,opackerme@google.pl,Female,80.223.169.208,14
808,Mirabella,Archibald,marchibaldmf@businessinsider.com,Female,212.233.167.112,24
809,Claudius,Kirkup,ckirkupmg@nydailynews.com,Male,99.70.231.38,45
810,Kelsey,Benedicto,kbenedictomh@qq.com,Female,1.185.55.16,71
811,Eugen,Robison,erobisonmi@dot.gov,Male,156.208.73.255,82
812,Alison,Apthorpe,aapthorpemj@nationalgeographic.com,Female,188.99.53.132,51
813,Humphrey,Guilloux,hguillouxmk@jimdo.com,Male,123.76.98.218,99
814,Ingelbert,Smiths,ismithsml@unc.edu,Male,34.241.7.178,8
815,Nerita,Gumby,ngumbymm@nba.com,Female,1.88.102.224,62
816,Daniel,Hambidge,dhambidgemn@europa.eu,Male,100.13.222.188,93
817,Raimundo,Lidgley,rlidgleymo@ihg.com,Male,77.69.225.244,94
818,Danny,Gipp,dgippmp@craigslist.org,Male,32.183.190.18,47
819,Ambros,Illidge,aillidgemq@about.me,Male,149.46.20.101,19
820,Spenser,Elsmore,selsmoremr@joomla.org,Male,235.234.237.149,29
821,Cherilynn,Hayhow,chayhowms@elpais.com,Female,243.57.178.48,100
822,Marlie,Chandler,mchandlermt@uiuc.edu,Female,23.126.157.233,8
823,Kincaid,Corbally,kcorballymu@flavors.me,Male,44.109.186.113,38
824,Rudy,Tuffs,rtuffsmv@github.com,Male,7.253.244.205,69
825,Shellysheldon,Giovannelli,sgiovannellimw@ft.com,Male,45.3.211.47,78
826,Otho,McCard,omccardmx@163.com,Male,15.56.159.46,44
827,Jakob,Winchcum,jwinchcummy@clickbank.net,Male,41.241.138.63,72
828,Even,Spraging,espragingmz@cyberchimps.com,Male,244.151.141.10,36
829,Drona,Dubois,dduboisn0@pcworld.com,Female,183.154.147.250,77
830,Boot,Aubert,baubertn1@skyrock.com,Male,251.219.187.249,46
831,Vi,Beckett,vbeckettn2@europa.eu,Female,2.137.64.213,13
832,Marta,Linck,mlinckn3@huffingtonpost.com,Female,209.83.167.163,12
833,Madlin,Hein,mheinn4@businessweek.com,Female,57.131.219.24,38
834,Chrissy,Yukhin,cyukhinn5@salon.com,Male,225.75.58.29,13
835,Duky,Crookston,dcrookstonn6@bluehost.com,Male,44.3.137.116,6
836,Clovis,Ciobotaro,cciobotaron7@prweb.com,Female,12.127.65.226,67
837,Elysha,Wardroper,ewardropern8@163.com,Female,108.126.184.218,57
838,Xaviera,Nizard,xnizardn9@walmart.com,Female,161.201.43.145,58
839,Jany,Hinckesman,jhinckesmanna@bigcartel.com,Female,199.41.187.124,6
840,Hillie,Rignall,hrignallnb@stanford.edu,Male,167.151.88.118,87
841,Christyna,Orris,corrisnc@webmd.com,Female,19.125.255.188,76
842,Loydie,Jebb,ljebbnd@jalbum.net,Male,148.140.37.189,1
843,Grace,Shugg,gshuggne@etsy.com,Female,42.39.245.84,18
844,Berny,Stable,bstablenf@nyu.edu,Female,227.160.62.238,79
845,Siegfried,Spickett,sspickettng@posterous.com,Male,122.117.22.22,55
846,Donalt,Klezmski,dklezmskinh@answers.com,Male,161.53.144.55,38
847,Romonda,Glenfield,rglenfieldni@linkedin.com,Female,29.248.42.92,95
848,Joline,Liverock,jliverocknj@hostgator.com,Female,133.9.118.69,90
849,Cayla,Ilden,cildennk@prnewswire.com,Female,140.75.247.72,29
850,Mirabel,Brunning,mbrunningnl@miibeian.gov.cn,Female,171.207.76.199,31
851,Maximo,Flanagan,mflanagannm@shareasale.com,Male,231.111.139.199,35
852,Westbrook,Withrop,wwithropnn@washingtonpost.com,Male,221.140.106.159,23
853,Samson,Prattington,sprattingtonno@yahoo.com,Male,161.16.236.132,64
854,Huntley,Raffan,hraffannp@intel.com,Male,42.43.244.77,36
855,Devy,Btham,dbthamnq@devhub.com,Male,243.46.7.117,19
856,Sandor,Genty,sgentynr@statcounter.com,Male,140.80.166.181,26
857,Maynord,Wickey,mwickeyns@reddit.com,Male,198.142.145.206,93
858,Riordan,Grammer,rgrammernt@youtu.be,Male,9.99.87.85,42
859,Alberto,Goadbie,agoadbienu@psu.edu,Male,112.129.255.84,66
860,Chrotoem,Arp,carpnv@biglobe.ne.jp,Male,236.203.34.248,29
861,Salvidor,Gamlen,sgamlennw@parallels.com,Male,246.214.253.120,67
862,Reinhold,Praten,rpratennx@noaa.gov,Male,202.185.100.72,23
863,Alejoa,Jeandon,ajeandonny@webnode.com,Male,126.15.111.120,15
864,Windy,Suttie,wsuttienz@un.org,Female,143.246.72.127,23
865,Timotheus,Ellsom,tellsomo0@businesswire.com,Male,33.201.193.163,7
866,Lacee,MacGilfoyle,lmacgilfoyleo1@washington.edu,Female,71.94.125.181,45
867,Cullin,Nelthorpe,cnelthorpeo2@bandcamp.com,Male,100.12.247.5,9
868,Reynold,MacCaull,rmaccaullo3@washingtonpost.com,Male,223.216.176.210,42
869,Ewell,Dewhurst,edewhursto4@guardian.co.uk,Male,70.29.153.130,35
870,Fredric,Ascraft,fascrafto5@is.gd,Male,16.118.210.0,73
871,Ayn,Newlin,anewlino6@wikia.com,Female,247.76.10.31,13
872,Wait,Keenleyside,wkeenleysideo7@studiopress.com,Male,177.217.54.62,49
873,Cly,Tweedy,ctweedyo8@thetimes.co.uk,Male,3.255.101.154,44
874,Lynn,Ivic,livico9@yandex.ru,Female,202.39.75.86,82
875,Zebulen,Stuckley,zstuckleyoa@bloomberg.com,Male,146.181.123.115,15
876,Rosmunda,Thumnel,rthumnelob@dot.gov,Female,111.200.91.84,82
877,Charmane,Wabersinke,cwabersinkeoc@pcworld.com,Female,8.41.212.233,74
878,Roana,Jenson,rjensonod@tinyurl.com,Female,192.90.51.44,84
879,Elbert,Bernardoni,ebernardonioe@bloglovin.com,Male,228.139.61.236,61
880,Irma,Nodes,inodesof@ebay.com,Female,159.147.200.228,47
881,Percival,Dinesen,pdinesenog@home.pl,Male,194.19.73.0,6
882,Noach,Venables,nvenablesoh@dot.gov,Male,161.113.187.25,89
883,Martguerita,Vaen,mvaenoi@ehow.com,Female,152.76.8.188,1
884,Ambrosius,Sigg,asiggoj@apple.com,Male,184.110.230.118,21
885,Carleen,Casina,ccasinaok@ftc.gov,Female,9.200.62.161,85
886,Kilian,Normavill,knormavillol@yellowpages.com,Male,84.187.86.66,5
887,Worth,Illing,willingom@google.de,Male,189.204.76.41,17
888,Layne,McIlmurray,lmcilmurrayon@stumbleupon.com,Female,152.116.166.11,24
889,Natala,Dorey,ndoreyoo@fda.gov,Female,195.245.128.132,27
890,Malory,Ferneyhough,mferneyhoughop@msu.edu,Female,182.99.52.178,36
891,Richy,Laughtisse,rlaughtisseoq@apple.com,Male,136.87.36.130,99
892,Giffer,Pechan,gpechanor@canalblog.com,Male,197.129.132.80,35
893,Mycah,Pledge,mpledgeos@a8.net,Male,45.112.101.159,3
894,Andria,Brockington,abrockingtonot@weebly.com,Female,167.232.226.179,35
895,Jilli,Luty,jlutyou@istockphoto.com,Female,201.15.24.212,93
896,Kelli,Garroch,kgarrochov@ox.ac.uk,Female,10.95.219.74,49
897,Chrystal,Flaonier,cflaonierow@sogou.com,Female,255.103.39.53,86
898,Douglas,Parr,dparrox@europa.eu,Male,134.87.248.113,33
899,Cariotta,Burch,cburchoy@ox.ac.uk,Female,20.22.177.51,96
900,Noreen,Jeppensen,njeppensenoz@sakura.ne.jp,Female,207.4.201.5,9
901,Alvira,Tytcomb,atytcombp0@tumblr.com,Female,27.67.240.209,36
902,Elvin,Pasticznyk,epasticznykp1@studiopress.com,Male,137.194.120.149,75
903,Crawford,Omrod,comrodp2@admin.ch,Male,23.93.79.28,5
904,Myer,Yele,myelep3@list-manage.com,Male,7.182.190.195,28
905,Doria,Edgson,dedgsonp4@nytimes.com,Female,14.176.202.120,24
906,Federica,Andreix,fandreixp5@pbs.org,Female,161.6.30.212,2
907,Dan,Goublier,dgoublierp6@infoseek.co.jp,Male,96.66.180.123,100
908,Bella,Kinnen,bkinnenp7@skype.com,Female,75.111.63.17,71
909,Gregorio,Grannell,ggrannellp8@latimes.com,Male,196.74.228.196,39
910,Violet,Sirey,vsireyp9@merriam-webster.com,Female,254.143.1.182,37
911,Yuri,Johananov,yjohananovpa@alibaba.com,Male,36.161.45.157,3
912,Adelina,Guiduzzi,aguiduzzipb@ucsd.edu,Female,154.244.210.16,77
913,Stanfield,Bercher,sbercherpc@state.gov,Male,144.56.150.65,2
914,Clifford,Gunter,cgunterpd@bbc.co.uk,Male,148.112.117.130,90
915,Danyette,Ffrench,dffrenchpe@disqus.com,Female,19.235.177.197,69
916,Nichole,Broun,nbrounpf@va.gov,Male,73.49.92.201,34
917,Base,Tessington,btessingtonpg@hubpages.com,Male,169.241.51.202,60
918,Winston,Laden,wladenph@mozilla.com,Male,83.20.205.203,43
919,Holden,Kohen,hkohenpi@accuweather.com,Male,246.111.31.69,61
920,Dore,Whitney,dwhitneypj@trellian.com,Female,18.57.232.147,40
921,Donovan,Heijne,dheijnepk@phpbb.com,Male,65.127.106.135,69
922,Auria,Blagburn,ablagburnpl@webmd.com,Female,131.159.113.105,83
923,Merell,Scaddon,mscaddonpm@webmd.com,Male,116.80.198.141,2
924,Bing,Greaser,bgreaserpn@imgur.com,Male,190.189.225.66,16
925,Elsie,Burgane,eburganepo@mtv.com,Female,8.245.116.116,68
926,Lebbie,Shipley,lshipleypp@thetimes.co.uk,Female,121.167.37.69,95
927,Tyrone,Larkkem,tlarkkempq@constantcontact.com,Male,62.150.136.90,66
928,Ruprecht,Speenden,rspeendenpr@mapy.cz,Male,61.220.196.80,95
929,Ginevra,Stannion,gstannionps@ow.ly,Female,38.38.246.245,11
930,Sibyl,Bausmann,sbausmannpt@deviantart.com,Female,242.68.128.78,12
931,Victor,Doppler,vdopplerpu@github.io,Male,54.22.227.28,25
932,Leroi,Boakes,lboakespv@theatlantic.com,Male,157.130.152.203,75
933,Lena,Edgley,ledgleypw@indiegogo.com,Female,206.7.234.107,57
934,Claudia,Gore,cgorepx@nhs.uk,Female,75.140.62.80,80
935,Dolores,Larderot,dlarderotpy@so-net.ne.jp,Female,125.139.17.49,1
936,Zebedee,Slingsby,zslingsbypz@phpbb.com,Male,197.64.232.190,59
937,Kenton,Masarrat,kmasarratq0@answers.com,Male,244.17.235.148,9
938,Dolores,Kilvington,dkilvingtonq1@ask.com,Female,43.145.13.102,43
939,Phedra,Raine,praineq2@nasa.gov,Female,92.49.97.19,14
940,Mirilla,Gaitskill,mgaitskillq3@google.ca,Female,145.103.41.168,73
941,Zacharias,Blaxill,zblaxillq4@zimbio.com,Male,179.193.35.64,44
942,Martina,Seery,mseeryq5@linkedin.com,Female,202.116.7.217,64
943,Magdalen,Antoinet,mantoinetq6@histats.com,Female,109.38.25.237,10
944,Yehudi,Mattheissen,ymattheissenq7@icq.com,Male,155.220.177.205,52
945,Allsun,Mewitt,amewittq8@netscape.com,Female,173.157.208.177,7
946,Elroy,Bradder,ebradderq9@joomla.org,Male,168.89.87.187,66
947,Cathrine,Abelson,cabelsonqa@sciencedirect.com,Female,45.79.175.139,44
948,Elana,Outerbridge,eouterbridgeqb@yelp.com,Female,94.220.240.125,82
949,Rene,Mizzi,rmizziqc@businessinsider.com,Male,188.56.64.81,68
950,Lottie,Rulten,lrultenqd@comsenz.com,Female,58.194.137.208,5
951,Dulcea,De Filippo,ddefilippoqe@amazon.co.jp,Female,92.219.141.173,22
952,Heall,Fassmann,hfassmannqf@livejournal.com,Male,217.254.233.206,29
953,Sybil,Daggett,sdaggettqg@smugmug.com,Female,101.180.229.171,34
954,Livy,McKomb,lmckombqh@nytimes.com,Female,25.153.181.244,37
955,Derward,Heditch,dheditchqi@feedburner.com,Male,124.36.208.24,85
956,Paddie,McKeevers,pmckeeversqj@epa.gov,Male,221.178.41.142,67
957,Marleen,Kilmaster,mkilmasterqk@soup.io,Female,11.16.114.255,21
958,Andie,Brenard,abrenardql@nasa.gov,Male,91.92.81.143,77
959,Ynez,Androli,yandroliqm@devhub.com,Female,99.72.250.223,44
960,Clerc,Oddboy,coddboyqn@nydailynews.com,Male,232.25.51.62,53
961,Shantee,Grishinov,sgrishinovqo@npr.org,Female,149.139.52.29,39
962,Sampson,Becker,sbeckerqp@microsoft.com,Male,147.136.57.205,25
963,Toby,Middlemist,tmiddlemistqq@printfriendly.com,Male,215.83.88.212,2
964,Avigdor,Coogan,acooganqr@hibu.com,Male,25.159.99.39,25
965,Rhys,Matthews,rmatthewsqs@quantcast.com,Male,82.245.50.110,97
966,Jeffry,Harston,jharstonqt@prnewswire.com,Male,173.94.161.107,66
967,Denice,Wildin,dwildinqu@foxnews.com,Female,252.48.79.235,97
968,Kerrill,Russon,krussonqv@networkadvertising.org,Female,249.169.3.164,84
969,Jordana,Lanfer,jlanferqw@constantcontact.com,Female,31.54.68.31,23
970,Wallis,Eddowis,weddowisqx@51.la,Male,85.37.213.123,28
971,Esdras,Bowshire,ebowshireqy@sohu.com,Male,145.232.17.30,36
972,David,Atkirk,datkirkqz@webeden.co.uk,Male,58.87.164.7,67
973,Brad,Cassin,bcassinr0@webnode.com,Male,110.151.64.109,12
974,Shirlee,Curgenven,scurgenvenr1@cloudflare.com,Female,134.168.110.60,15
975,Dallas,Haynesford,dhaynesfordr2@alexa.com,Male,209.4.65.98,26
976,Carlo,Jolliff,cjolliffr3@tmall.com,Male,199.143.135.20,85
977,Claus,Pankhurst.,cpankhurstr4@phpbb.com,Male,143.211.16.37,69
978,Averell,Pietzke,apietzker5@europa.eu,Male,1.240.176.73,49
979,Eden,Antonikov,eantonikovr6@usnews.com,Female,158.206.24.157,18
980,Tye,Culley,tculleyr7@rakuten.co.jp,Male,147.40.199.119,57
981,Cathi,Tezure,ctezurer8@123-reg.co.uk,Female,103.63.25.208,62
982,Marena,Skellington,mskellingtonr9@hexun.com,Female,184.56.161.126,79
983,Dacie,Cogswell,dcogswellra@techcrunch.com,Female,162.2.142.67,36
984,Karena,Stiffell,kstiffellrb@tinypic.com,Female,164.115.93.133,40
985,Abba,Samuels,asamuelsrc@usgs.gov,Male,129.186.80.124,8
986,Kira,Bechley,kbechleyrd@ebay.com,Female,67.80.3.106,4
987,Jannel,Gepson,jgepsonre@upenn.edu,Female,20.105.108.130,13
988,Ellary,Foskett,efoskettrf@psu.edu,Male,219.75.75.168,93
989,Izaak,Braxay,ibraxayrg@walmart.com,Male,168.225.11.177,83
990,Roselia,Gaw,rgawrh@reddit.com,Female,83.249.93.102,81
991,Terence,Colyer,tcolyerri@wikipedia.org,Male,212.18.249.27,25
992,Nessie,Siggens,nsiggensrj@springer.com,Female,218.211.43.112,55
993,Theresa,Alu,talurk@cafepress.com,Female,217.61.229.147,25
994,Toni,Hares,tharesrl@smh.com.au,Female,59.73.139.82,49
995,Alonso,Hargreave,ahargreaverm@networksolutions.com,Male,79.20.173.217,31
996,Teddy,Wahncke,twahnckern@patch.com,Female,106.160.185.255,73
997,Rosemary,Wooderson,rwoodersonro@theglobeandmail.com,Female,175.114.208.214,92
998,Fidel,Defew,fdefewrp@surveymonkey.com,Male,150.248.88.229,35
999,Jenn,Duke,jdukerq@parallels.com,Female,181.82.73.159,6
1000,Clive,Danilishin,cdanilishinrr@360.cn,Male,137.228.86.2,48
